model,n_steps,walkable_ratio,path_length_m,runtime_s,runtime_ms_per_step,mean_neff,final_x_m,final_y_m
particle,9,0.6666666666666666,3.825424151146313,0.0813495998736471,9.038844430405232,2676.950379258734,4.60348131416046,1.6896813440541263
discrete_bayes,9,1.0,3.4472242769064265,0.029729099944233894,3.3032333271370993,51.0,4.41160246373724,2.2344494716758456
