model,n_steps,inside_map_ratio,path_length_m,runtime_s
particle,16,1.0,10.418845506019391,0.36947632900000826
discrete_bayes,16,1.0,11.313442504973125,2.861282172000074
