model,n_steps,inside_map_ratio,path_length_m,runtime_s
particle,16,0.75,8.309537708207843,0.15209810016676784
discrete_bayes,16,1.0,6.145512338136279,0.3326767000835389
