model,n_steps,inside_map_ratio,path_length_m,runtime_s
particle,29,0.4827586206896552,13.417629806615958,0.19201999995857477
discrete_bayes,29,1.0,7.939269983158097,0.42314459988847375
