model,n_steps,inside_map_ratio,path_length_m,runtime_s
particle,536,1.0,427.0906246795322,4.063483799998721
discrete_bayes,536,1.0,46.21309915761584,4.310270699999819
